Pillar ID;pillar_name;cluster_count_should;cluster_description;clusters;cluster_description;cat_in_cluster;cat_l1;cat_l2;cat_l3;
1;Finance, Business & Markets;8–12;"This pillar serves as the site's high-intent economic hub. It integrates macro-level Industries & Markets with micro-level Money & Investing and Insurance & Personal Finance to capture the full financial lifecycle. By including Career & Education, it targets professional growth, while Tech & Productivity focuses on the digital tools required for modern business operations. The logic is to create a ""Professional Ecosystem"" that attracts high-value B2B advertisers and high-net-worth individual investors.";Money & Investing;High-growth consumer and professional finance;"Investments and savings;
Corporate Finances & Investment;Credit Cards & Loans";Business & Finance;Personal Finance & Wealth Management;Budget  Planning & Taxes;
;;;;Business Operations & HR; B2B services and corporate management.;"Strategy & leadership;
Business Operations & Logistics;
Business & Corporate Law and Policies";Business & Finance;Personal Finance & Wealth Management;Investments and savings;
;;;;Industries & Markets; Macro-level economic and sector-specific data.;"Global Markets;
Economic Indicatiors and Policies;
Industry and sector reports";Business & Finance;Personal Finance & Wealth Management;Credit Cards & Loans;
;;;;Career & Education; High-traffic segment for professional growth.;Career & Development;Business & Finance;Personal Finance & Wealth Management;Insurances & Assistance;
;;;;Tech & Productivity; B2B software and modern workplace tools;Corporate Technology;Business & Finance;Personal Finance & Wealth Management;Personal Retail & Mortgage;
;;;;Insurance & Personal Finance;" The most profitable ""High-Intent"" cluster.";"Budget  Planning & Taxes;
Credit Cards & Loans;
Insurances & Assistance";Business & Finance;Corporate & Professional Operations;Strategy & leadership;
;;;;Real Estate & Property; High-value commercial and residential segments.;"Personal Retail & Mortgage;
Corporate Finances & Investment";Business & Finance;Corporate & Professional Operations;Business Operations & Logistics;
;;;;Economy & Policy; Authority-building content for trust and SEO.;"Global Markets;
Economic Indicatiors and Policies;
Industry and sector reports";Business & Finance;Corporate & Professional Operations;Corporate Finances & Investment;
;;;;;;;Business & Finance;Corporate & Professional Operations;Corporate Technology;
;;;;;;;Business & Finance;Macro-Economics & Markets;Global Markets;
;;;;;;;Business & Finance;Macro-Economics & Markets;Economic Indicatiors and Policies;
;;;;;;;Business & Finance;Macro-Economics & Markets;Industry and sector reports;
;;;;;;;Business & Finance;Corporate & Professional Operations;Business & Corporate Law and Policies;
;;;;;;;Business & Finance;Corporate & Professional Operations;Career & Development;